team,gf_total,ga_total,sog_pg,sa_pg,games_played
ANA,0,0,0.0,0.0,0
BOS,3,0,23.0,24.0,1
BUF,0,0,0.0,0.0,0
CAR,0,1,15.0,20.0,1
CBJ,0,0,0.0,0.0,0
CGY,0,0,0.0,0.0,0
CHI,2,5,26.0,36.0,1
COL,8,4,29.0,31.0,1
DAL,0,0,0.0,0.0,0
DET,0,0,0.0,0.0,0
EDM,5,6,37.0,23.0,1
FLA,1,0,20.0,15.0,1
LAK,4,8,31.0,29.0,1
MIN,0,0,0.0,0.0,0
MTL,3,2,24.0,28.0,1
NJD,0,0,0.0,0.0,0
NSH,0,0,0.0,0.0,0
NYI,1,2,27.0,26.0,1
NYR,0,3,24.0,22.0,1
OTT,0,0,0.0,0.0,0
PHI,0,7,19.0,38.0,1
PIT,7,0,38.0,19.0,1
SEA,0,0,0.0,0.0,0
SJS,0,0,0.0,0.0,0
STL,0,0,0.0,0.0,0
TBL,0,0,0.0,0.0,0
TOR,4,4,27.0,25.5,2
UTA,0,0,0.0,0.0,0
VAN,6,5,23.0,37.0,1
VGK,5,2,37.0,26.0,1
WPG,0,0,0.0,0.0,0
WSH,0,0,0.0,0.0,0
